52120,6,0,2,0,0,0,0,0,0,0,1,0,0,0,0,0,0,0,0,0,0
443,6,53593432,6,2,123,92,0,1,0,0,1,0,0,0,0,95432,95432,53500000,0,53500000,53500000
52113,6,1,3,0,77,0,0,1,0,0,1,0,0,0,0,0,0,0,0,0,0
443,6,7219180,11,12,2017,4434,0,0,1,1,0,0,0,1,1,179690,179690,7039390,0,7039390,7039390
443,6,195,2,0,0,0,0,0,0,0,1,0,0,0,0,0,0,0,0,0,0
443,6,12675019,6,8,717,3695,0,0,1,1,0,0,0,1,1,142634,142634,12500000,0,12500000,12500000
443,6,196,2,0,0,0,0,0,0,0,1,0,0,0,0,0,0,0,0,0,0
443,6,1411057,11,12,2008,4423,0,0,1,1,0,0,0,1,1,0,0,0,0,0,0
443,6,106,2,0,0,0,0,0,0,0,1,0,0,0,0,0,0,0,0,0,0
53,17,291,1,1,28,44,0,0,0,0,0,0,0,0,1,0,0,0,0,0,0
443,6,57779,8,6,557,3704,0,0,1,1,0,0,0,1,0,0,0,0,0,0,0
443,6,69566,9,7,557,3773,0,0,1,1,0,0,0,1,0,0,0,0,0,0,0
52173,6,14538,2,1,38,0,0,1,0,0,1,0,0,0,0,0,0,0,0,0,0
53,17,163332,2,2,80,292,0,0,0,0,0,0,0,0,1,0,0,0,0,0,0
53,17,261,1,1,34,114,0,0,0,0,0,0,0,0,1,0,0,0,0,0,0
53,17,305,1,1,42,58,0,0,0,0,0,0,0,0,1,0,0,0,0,0,0
53,17,1893,1,1,30,122,0,0,0,0,0,0,0,0,1,0,0,0,0,0,0
53,17,210,1,1,40,56,0,0,0,0,0,0,0,0,1,0,0,0,0,0,0
53,17,32528,1,1,40,139,0,0,0,0,0,0,0,0,1,0,0,0,0,0,0
53,17,1244,1,1,42,99,0,0,0,0,0,0,0,0,1,0,0,0,0,0,0
53,17,1563,1,1,31,158,0,0,0,0,0,0,0,0,1,0,0,0,0,0,0
53,17,935,1,1,51,79,0,0,0,0,0,0,0,0,1,0,0,0,0,0,0
443,6,5421196,8,5,347,3171,0,0,1,1,0,0,0,1,0,0,0,0,0,0,0
443,6,5680676,8,5,347,3171,0,0,1,1,0,0,0,1,0,0,0,0,0,0,0
443,6,7244022,16,19,1946,15942,0,0,1,1,0,0,0,1,1,0,0,0,0,0,0
443,6,165,3,0,31,0,0,0,0,0,1,0,0,0,0,0,0,0,0,0,0
80,6,5736070,3,1,0,0,0,0,1,1,0,0,0,1,0,0,0,0,0,0,0
80,6,5736018,3,1,0,0,0,0,1,1,0,0,0,1,0,0,0,0,0,0,0
80,6,5735948,3,1,0,0,0,0,1,1,0,0,0,1,0,0,0,0,0,0,0
80,6,5744485,3,1,0,0,0,0,1,1,0,0,0,1,0,0,0,0,0,0,0
80,6,5775572,3,1,0,0,0,0,1,1,0,0,0,1,0,0,0,0,0,0,0
443,6,5718348,8,6,427,3748,0,0,1,1,0,0,0,1,0,0,0,0,0,0,0
52189,6,1,2,0,37,0,0,1,0,0,1,0,0,0,0,0,0,0,0,0,0
443,6,16297788,8,12,1025,5251,0,0,1,1,0,0,0,1,1,1284659,1284659,10000000,0,10000000,10000000
443,6,185,2,0,0,0,0,0,0,0,1,0,0,0,0,0,0,0,0,0,0
443,6,20581423,8,7,736,3695,0,0,1,1,0,0,0,1,0,218242,218242,20400000,0,20400000,20400000
443,6,4737032,11,12,2008,4423,0,0,1,1,0,0,0,1,1,0,0,0,0,0,0
443,6,130,2,0,0,0,0,0,0,0,1,0,0,0,0,0,0,0,0,0,0
0,0,117013683,64,0,0,0,0,0,0,0,0,0,0,0,0,60900000,4561908,13200000,8870809.91,23300000,6953400
443,6,20829033,6,8,705,3695,0,0,1,1,0,0,0,1,1,217295,217295,20600000,0,20600000,20600000
443,6,278,3,0,31,0,0,0,0,0,1,0,0,0,0,0,0,0,0,0,0
443,6,2907010,12,12,2039,4435,0,0,1,1,0,0,0,1,1,0,0,0,0,0,0
443,6,99,2,0,0,0,0,0,0,0,1,0,0,0,0,0,0,0,0,0,0
123,17,46423,1,1,48,48,0,0,0,0,0,0,0,0,1,0,0,0,0,0,0
443,6,20838821,6,8,675,3695,0,0,1,1,0,0,0,1,1,228816,228816,20600000,0,20600000,20600000
443,6,204,2,0,0,0,0,0,0,0,1,0,0,0,0,0,0,0,0,0,0
443,6,6718209,11,12,2008,4434,0,0,1,1,0,0,0,1,1,281781,281781,6436208,0,6436208,6436208
443,6,106,2,0,0,0,0,0,0,0,1,0,0,0,0,0,0,0,0,0,0
67,17,481,1,1,315,302,0,0,0,0,0,0,0,0,1,0,0,0,0,0,0
0,0,167716,5,0,0,0,0,0,0,0,0,0,0,0,0,0,0,0,0,0,0
1900,17,15092523,6,0,822,0,0,0,0,0,0,0,0,0,0,0,0,0,0,0,0
80,6,115399955,16,14,459,913,0,0,1,1,0,0,0,1,0,104260,20882,10000000,17122.52,10000000,9953011
80,6,115399834,16,14,459,913,0,0,1,1,0,0,0,1,0,104100,20837,10000000,17130.71,10000000,9953011
80,6,115813580,16,14,443,706,0,0,1,1,0,0,0,1,0,330366,93742,10000000,18593.45,10000000,9953006
80,6,115850128,18,16,875,1412,0,0,1,1,0,0,0,1,0,788724,94932,10000000,18439.67,10000000,9952994
80,6,115686588,16,15,442,1769,0,0,1,1,0,0,0,1,0,120742,30935,10000000,7375.8,10000000,10000000
80,6,115890909,16,14,445,706,0,0,1,1,0,0,0,1,0,345104,95812,10000000,18203.5,10000000,9953036
443,6,20887386,6,8,709,3695,0,0,1,1,0,0,0,1,1,229562,229562,20700000,0,20700000,20700000
443,6,275,3,0,31,0,0,0,0,0,1,0,0,0,0,0,0,0,0,0,0
443,6,2369231,11,12,2008,4435,0,0,1,1,0,0,0,1,1,0,0,0,0,0,0
443,6,123,2,0,0,0,0,0,0,0,1,0,0,0,0,0,0,0,0,0,0
443,6,20665763,6,8,708,3695,0,0,1,1,0,0,0,1,1,210609,210609,20500000,0,20500000,20500000
443,6,291,3,0,31,0,0,0,0,0,1,0,0,0,0,0,0,0,0,0,0
443,6,605641,11,12,2008,4434,0,0,1,1,0,0,0,1,1,0,0,0,0,0,0
443,6,144,2,0,0,0,0,0,0,0,1,0,0,0,0,0,0,0,0,0,0
443,6,116626693,13,12,639,3903,0,0,1,1,0,0,0,1,0,128108,77961,58200000,88367.13,58200000,58100000
443,6,188,3,0,77,0,0,1,0,0,1,0,0,0,0,0,0,0,0,0,0
52171,6,29,2,0,0,0,0,0,0,0,1,0,0,0,0,0,0,0,0,0,0
443,6,117432415,15,16,1166,4890,0,0,1,1,0,0,0,1,1,386734,62384,58500000,298500.89,58700000,58200000
443,6,117201964,15,13,866,3749,0,0,1,1,0,0,0,1,0,750381,156063,58100000,121626.61,58200000,58000000
443,6,117172582,16,16,1112,3618,0,0,1,1,0,0,0,1,1,774367,156023,58000000,159361.36,58200000,57900000
443,6,248,3,0,77,0,0,1,0,0,1,0,0,0,0,0,0,0,0,0,0
443,6,399,3,0,77,0,0,1,0,0,1,0,0,0,0,0,0,0,0,0,0
443,6,832,3,0,77,0,0,1,0,0,1,0,0,0,0,0,0,0,0,0,0
52186,6,0,2,0,0,0,0,0,0,0,1,0,0,0,0,0,0,0,0,0,0
56364,6,1342,5,2,935,336,0,0,1,1,0,0,0,1,0,0,0,0,0,0,0
80,6,1168,2,0,0,0,0,0,0,0,1,0,0,0,0,0,0,0,0,0,0
80,6,1080,2,0,0,0,0,0,0,0,1,0,0,0,0,0,0,0,0,0,0
80,6,1979,2,0,0,0,0,0,0,0,1,0,0,0,0,0,0,0,0,0,0
80,6,6683,2,0,0,0,0,0,0,0,1,0,0,0,0,0,0,0,0,0,0
80,6,8892,2,0,0,0,0,0,0,0,1,0,0,0,0,0,0,0,0,0,0
80,6,9146,2,0,0,0,0,0,0,0,1,0,0,0,0,0,0,0,0,0,0
80,6,8338,2,0,0,0,0,0,0,0,1,0,0,0,0,0,0,0,0,0,0
80,6,13676,2,0,0,0,0,0,0,0,1,0,0,0,0,0,0,0,0,0,0
80,6,13560,2,0,0,0,0,0,0,0,1,0,0,0,0,0,0,0,0,0,0
53503,6,1230,5,2,935,316,0,0,1,1,0,0,0,1,0,0,0,0,0,0,0
53502,6,7274,5,2,935,316,0,0,1,1,0,0,0,1,0,0,0,0,0,0,0
80,6,2981,2,0,0,0,0,0,0,0,1,0,0,0,0,0,0,0,0,0,0
80,6,2838,2,0,0,0,0,0,0,0,1,0,0,0,0,0,0,0,0,0,0
56568,6,10430,5,2,935,336,0,0,1,1,0,0,0,1,0,0,0,0,0,0,0
53565,6,6163,5,2,935,266,0,0,1,1,0,0,0,1,0,0,0,0,0,0,0
53564,6,11934,5,2,935,266,0,0,1,1,0,0,0,1,0,0,0,0,0,0,0
53488,6,6801,5,2,935,316,0,0,1,1,0,0,0,1,0,0,0,0,0,0,0
53489,6,1272,5,2,935,316,0,0,1,1,0,0,0,1,0,0,0,0,0,0,0
53504,6,6087,5,2,935,316,0,0,1,1,0,0,0,1,0,0,0,0,0,0,0
80,6,2613,2,0,0,0,0,0,0,0,1,0,0,0,0,0,0,0,0,0,0
80,6,2920,2,0,0,0,0,0,0,0,1,0,0,0,0,0,0,0,0,0,0
56501,6,1167,5,2,935,341,0,0,1,1,0,0,0,1,0,0,0,0,0,0,0
56500,6,7843,5,2,935,341,0,0,1,1,0,0,0,1,0,0,0,0,0,0,0
80,6,4762,2,0,0,0,0,0,0,0,1,0,0,0,0,0,0,0,0,0,0
53505,6,5630,5,2,935,316,0,0,1,1,0,0,0,1,0,0,0,0,0,0,0
56175,6,7551,5,2,935,323,0,0,1,1,0,0,0,1,0,0,0,0,0,0,0
56176,6,1249,5,2,935,323,0,0,1,1,0,0,0,1,0,0,0,0,0,0,0
80,6,1789,2,0,0,0,0,0,0,0,1,0,0,0,0,0,0,0,0,0,0
80,6,2061,2,0,0,0,0,0,0,0,1,0,0,0,0,0,0,0,0,0,0
80,6,10136,2,0,0,0,0,0,0,0,1,0,0,0,0,0,0,0,0,0,0
80,6,10023,2,0,0,0,0,0,0,0,1,0,0,0,0,0,0,0,0,0,0
56502,6,1312,5,2,935,341,0,0,1,1,0,0,0,1,0,0,0,0,0,0,0
55948,6,9034,5,2,935,341,0,0,1,1,0,0,0,1,0,0,0,0,0,0,0
53675,6,6877,5,2,935,260,0,0,1,1,0,0,0,1,0,0,0,0,0,0,0
53676,6,1420,5,2,935,260,0,0,1,1,0,0,0,1,0,0,0,0,0,0,0
80,6,13278,2,0,0,0,0,0,0,0,1,0,0,0,0,0,0,0,0,0,0
80,6,5600,2,0,0,0,0,0,0,0,1,0,0,0,0,0,0,0,0,0,0
80,6,3000,2,0,0,0,0,0,0,0,1,0,0,0,0,0,0,0,0,0,0
80,6,29256,2,0,0,0,0,0,0,0,1,0,0,0,0,0,0,0,0,0,0
80,6,3313,2,0,0,0,0,0,0,0,1,0,0,0,0,0,0,0,0,0,0
80,6,29186,2,0,0,0,0,0,0,0,1,0,0,0,0,0,0,0,0,0,0
80,6,17024,2,0,0,0,0,0,0,0,1,0,0,0,0,0,0,0,0,0,0
53566,6,7045,5,2,935,266,0,0,1,1,0,0,0,1,0,0,0,0,0,0,0
80,6,43326,2,0,0,0,0,0,0,0,1,0,0,0,0,0,0,0,0,0,0
55949,6,18022,5,2,935,341,0,0,1,1,0,0,0,1,0,0,0,0,0,0,0
53567,6,1694,5,2,935,266,0,0,1,1,0,0,0,1,0,0,0,0,0,0,0
56569,6,22938,5,2,935,336,0,0,1,1,0,0,0,1,0,0,0,0,0,0,0
56571,6,1168,5,2,935,336,0,0,1,1,0,0,0,1,0,0,0,0,0,0,0
56570,6,8084,5,2,935,336,0,0,1,1,0,0,0,1,0,0,0,0,0,0,0
80,6,1014,2,0,0,0,0,0,0,0,1,0,0,0,0,0,0,0,0,0,0
80,6,1066,2,0,0,0,0,0,0,0,1,0,0,0,0,0,0,0,0,0,0
80,6,1532,2,0,0,0,0,0,0,0,1,0,0,0,0,0,0,0,0,0,0
80,6,936,2,0,0,0,0,0,0,0,1,0,0,0,0,0,0,0,0,0,0
80,6,2143,2,0,0,0,0,0,0,0,1,0,0,0,0,0,0,0,0,0,0
53677,6,11416,5,2,935,260,0,0,1,1,0,0,0,1,0,0,0,0,0,0,0
56365,6,7735,5,2,935,336,0,0,1,1,0,0,0,1,0,0,0,0,0,0,0
56366,6,1459,5,2,935,336,0,0,1,1,0,0,0,1,0,0,0,0,0,0,0
53506,6,1238,5,2,935,316,0,0,1,1,0,0,0,1,0,0,0,0,0,0,0
80,6,2337,2,0,0,0,0,0,0,0,1,0,0,0,0,0,0,0,0,0,0
80,6,2622,2,0,0,0,0,0,0,0,1,0,0,0,0,0,0,0,0,0,0
80,6,8449,2,0,0,0,0,0,0,0,1,0,0,0,0,0,0,0,0,0,0
80,6,13290,2,0,0,0,0,0,0,0,1,0,0,0,0,0,0,0,0,0,0
53491,6,10632,5,2,935,316,0,0,1,1,0,0,0,1,0,0,0,0,0,0,0
53492,6,1250,5,2,935,316,0,0,1,1,0,0,0,1,0,0,0,0,0,0,0
53490,6,16758,5,2,935,316,0,0,1,1,0,0,0,1,0,0,0,0,0,0,0
80,6,2094,2,0,0,0,0,0,0,0,1,0,0,0,0,0,0,0,0,0,0
80,6,26266,2,0,0,0,0,0,0,0,1,0,0,0,0,0,0,0,0,0,0
56503,6,1354,5,2,935,341,0,0,1,1,0,0,0,1,0,0,0,0,0,0,0
55950,6,7169,5,2,935,341,0,0,1,1,0,0,0,1,0,0,0,0,0,0,0
55951,6,1048,5,2,935,341,0,0,1,1,0,0,0,1,0,0,0,0,0,0,0
56177,6,1572,5,2,935,323,0,0,1,1,0,0,0,1,0,0,0,0,0,0,0
80,6,10164,2,0,0,0,0,0,0,0,1,0,0,0,0,0,0,0,0,0,0
80,6,10202,2,0,0,0,0,0,0,0,1,0,0,0,0,0,0,0,0,0,0
80,6,6144,2,0,0,0,0,0,0,0,1,0,0,0,0,0,0,0,0,0,0
4786,6,107656,2,1,0,0,0,0,0,1,0,0,0,0,0,0,0,0,0,0,0
21,6,2,1,1,0,0,0,0,0,1,0,0,0,0,1,0,0,0,0,0,0
22,6,6,1,1,0,0,0,0,0,0,1,1,0,0,1,0,0,0,0,0,0
21,6,18,1,1,0,0,0,0,0,1,0,0,0,0,1,0,0,0,0,0,0
22,6,6,1,1,0,0,0,0,0,0,1,1,0,0,1,0,0,0,0,0,0
21,6,2,1,1,0,0,0,0,0,1,0,0,0,0,1,0,0,0,0,0,0
21,6,3,1,1,0,0,0,0,0,1,0,0,0,0,1,0,0,0,0,0,0
22,6,7,1,1,0,0,0,0,0,0,1,1,0,0,1,0,0,0,0,0,0
21,6,20,1,1,0,0,0,0,0,1,0,0,0,0,1,0,0,0,0,0,0
22,6,7,1,1,0,0,0,0,0,0,1,1,0,0,1,0,0,0,0,0,0
22,6,7,1,1,0,0,0,0,0,0,1,1,0,0,1,0,0,0,0,0,0
21,6,1,1,1,0,0,0,0,0,1,0,0,0,0,1,0,0,0,0,0,0
21,6,2,1,1,0,0,0,0,0,1,0,0,0,0,1,0,0,0,0,0,0
22,6,7,1,1,0,0,0,0,0,0,1,1,0,0,1,0,0,0,0,0,0
22,6,7,1,1,0,0,0,0,0,0,1,1,0,0,1,0,0,0,0,0,0
22,6,7,1,1,0,0,0,0,0,0,1,1,0,0,1,0,0,0,0,0,0
21,6,19,1,1,0,0,0,0,0,1,0,0,0,0,1,0,0,0,0,0,0
21,6,1,1,1,0,0,0,0,0,1,0,0,0,0,1,0,0,0,0,0,0
22,6,6,1,1,0,0,0,0,0,0,1,1,0,0,1,0,0,0,0,0,0
21,6,4,1,1,0,0,0,0,0,1,0,0,0,0,1,0,0,0,0,0,0
21,6,19,1,1,0,0,0,0,0,1,0,0,0,0,1,0,0,0,0,0,0
53393,6,128913,2,1,0,0,0,0,0,1,0,0,0,0,0,0,0,0,0,0,0
22,6,6,1,1,0,0,0,0,0,0,1,1,0,0,1,0,0,0,0,0,0
21,6,3,1,1,0,0,0,0,0,1,0,0,0,0,1,0,0,0,0,0,0
21,6,3,1,1,0,0,0,0,0,1,0,0,0,0,1,0,0,0,0,0,0
22,6,9,1,1,0,0,0,0,0,0,1,1,0,0,1,0,0,0,0,0,0
22,6,7,1,1,0,0,0,0,0,0,1,1,0,0,1,0,0,0,0,0,0
21,6,2,1,1,0,0,0,0,0,1,0,0,0,0,1,0,0,0,0,0,0
22,6,7,1,1,0,0,0,0,0,0,1,1,0,0,1,0,0,0,0,0,0
22,6,6,1,1,0,0,0,0,0,0,1,1,0,0,1,0,0,0,0,0,0
22,6,6,1,1,0,0,0,0,0,0,1,1,0,0,1,0,0,0,0,0,0
22,6,6,1,1,0,0,0,0,0,0,1,1,0,0,1,0,0,0,0,0,0
21,6,1,1,1,0,0,0,0,0,1,0,0,0,0,1,0,0,0,0,0,0
21,6,18,1,1,0,0,0,0,0,1,0,0,0,0,1,0,0,0,0,0,0
21,6,2,1,1,0,0,0,0,0,1,0,0,0,0,1,0,0,0,0,0,0
22,6,6,1,1,0,0,0,0,0,0,1,1,0,0,1,0,0,0,0,0,0
22,6,6,1,1,0,0,0,0,0,0,1,1,0,0,1,0,0,0,0,0,0
21,6,1,1,1,0,0,0,0,0,1,0,0,0,0,1,0,0,0,0,0,0
21,6,1,1,1,0,0,0,0,0,1,0,0,0,0,1,0,0,0,0,0,0
22,6,17,1,1,0,0,0,0,0,0,1,1,0,0,1,0,0,0,0,0,0
22,6,4,1,1,0,0,0,0,0,0,1,1,0,0,1,0,0,0,0,0,0
20,6,22,1,1,0,0,0,0,0,1,0,0,0,0,1,0,0,0,0,0,0
21,6,2,1,1,0,0,0,0,0,1,0,0,0,0,1,0,0,0,0,0,0
21,6,1,1,1,0,0,0,0,0,1,0,0,0,0,1,0,0,0,0,0,0
21,6,2,1,1,0,0,0,0,0,1,0,0,0,0,1,0,0,0,0,0,0
22,6,6,1,1,0,0,0,0,0,0,1,1,0,0,1,0,0,0,0,0,0
22,6,7,1,1,0,0,0,0,0,0,1,1,0,0,1,0,0,0,0,0,0
22,6,6,1,1,0,0,0,0,0,0,1,1,0,0,1,0,0,0,0,0,0
21,6,2,1,1,0,0,0,0,0,1,0,0,0,0,1,0,0,0,0,0,0
22,6,5,1,1,0,0,0,0,0,0,1,1,0,0,1,0,0,0,0,0,0
21,6,2,1,1,0,0,0,0,0,1,0,0,0,0,1,0,0,0,0,0,0
21,6,1,1,1,0,0,0,0,0,1,0,0,0,0,1,0,0,0,0,0,0
22,6,5,1,1,0,0,0,0,0,0,1,1,0,0,1,0,0,0,0,0,0
22,6,6,1,1,0,0,0,0,0,0,1,1,0,0,1,0,0,0,0,0,0
21,6,2,1,1,0,0,0,0,0,1,0,0,0,0,1,0,0,0,0,0,0
21,6,2,1,1,0,0,0,0,0,1,0,0,0,0,1,0,0,0,0,0,0
21,6,1,1,1,0,0,0,0,0,1,0,0,0,0,1,0,0,0,0,0,0
22,6,6,1,1,0,0,0,0,0,0,1,1,0,0,1,0,0,0,0,0,0
21,6,2,1,1,0,0,0,0,0,1,0,0,0,0,1,0,0,0,0,0,0
22,6,7,1,1,0,0,0,0,0,0,1,1,0,0,1,0,0,0,0,0,0
22,6,7,1,1,0,0,0,0,0,0,1,1,0,0,1,0,0,0,0,0,0
22,6,7,1,1,0,0,0,0,0,0,1,1,0,0,1,0,0,0,0,0,0
21,6,2,1,1,0,0,0,0,0,1,0,0,0,0,1,0,0,0,0,0,0
22,6,8,1,1,0,0,0,0,0,0,1,1,0,0,1,0,0,0,0,0,0
22,6,7,1,1,0,0,0,0,0,0,1,1,0,0,1,0,0,0,0,0,0
21,6,18,1,1,0,0,0,0,0,1,0,0,0,0,1,0,0,0,0,0,0
6060,6,316342,2,1,0,0,0,0,0,1,0,0,0,0,0,0,0,0,0,0,0
22,6,6,1,1,0,0,0,0,0,0,1,1,0,0,1,0,0,0,0,0,0
21,6,1,1,1,0,0,0,0,0,1,0,0,0,0,1,0,0,0,0,0,0
22,6,7,1,1,0,0,0,0,0,0,1,1,0,0,1,0,0,0,0,0,0
21,6,2,1,1,0,0,0,0,0,1,0,0,0,0,1,0,0,0,0,0,0
21,6,2,1,1,0,0,0,0,0,1,0,0,0,0,1,0,0,0,0,0,0
21,6,1,1,1,0,0,0,0,0,1,0,0,0,0,1,0,0,0,0,0,0
5050,6,133150,2,1,0,0,0,0,0,1,0,0,0,0,0,0,0,0,0,0,0
22,6,6,1,1,0,0,0,0,0,0,1,1,0,0,1,0,0,0,0,0,0
80,6,5061043,5,5,1295,1411,0,0,1,1,0,0,0,1,1,0,0,0,0,0,0
80,6,43,2,0,0,0,0,0,0,0,1,0,0,0,0,0,0,0,0,0,0
80,6,5011561,4,4,603,364,0,0,1,1,0,0,0,1,1,0,0,0,0,0,0
80,6,13,2,0,0,0,0,0,0,0,1,0,0,0,0,0,0,0,0,0,0
80,6,12903217,16,11,3208,13898,0,0,1,1,0,0,0,1,0,0,0,0,0,0,0
80,6,12,2,0,0,0,0,0,0,0,1,0,0,0,0,0,0,0,0,0,0
80,6,5002019,5,3,485,529,0,0,1,1,0,0,0,1,0,0,0,0,0,0,0
80,6,5007516,4,4,509,388,0,0,1,1,0,0,0,1,1,0,0,0,0,0,0
80,6,23,2,0,0,0,0,0,0,0,1,0,0,0,0,0,0,0,0,0,0
80,6,5007459,4,4,510,388,0,0,1,1,0,0,0,1,1,0,0,0,0,0,0
80,6,61,2,0,0,0,0,0,0,0,1,0,0,0,0,0,0,0,0,0,0
80,6,5010168,4,4,510,1854,0,0,1,1,0,0,0,1,1,0,0,0,0,0,0
80,6,35,2,0,0,0,0,0,0,0,1,0,0,0,0,0,0,0,0,0,0
80,6,5010963,4,4,558,1806,0,0,1,1,0,0,0,1,1,0,0,0,0,0,0
80,6,31,2,0,0,0,0,0,0,0,1,0,0,0,0,0,0,0,0,0,0
80,6,5006185,5,3,558,388,0,0,1,1,0,0,0,1,0,0,0,0,0,0,0
80,6,5010318,3,1,0,0,0,0,1,1,0,0,0,1,0,0,0,0,0,0,0
80,6,5010707,5,3,558,1854,0,0,1,1,0,0,0,1,0,0,0,0,0,0,0
500,17,89480048,6,0,3000,0,0,0,0,0,0,0,0,0,0,4000353,4000353,21369923.75,15281236.01,41990629,7200245
500,17,85480009,5,0,2500,0,0,0,0,0,0,0,0,0,0,0,0,21370002.25,15281191.36,41990621,7200413
500,17,85479995,5,0,2500,0,0,0,0,0,0,0,0,0,0,0,0,21369998.75,15281195.11,41990621,7200400
24260,6,5287332,31,32,2528,640,0,1,0,0,1,0,0,0,1,0,0,0,0,0,0
500,17,89479200,6,0,3000,0,0,0,0,0,0,0,0,0,0,4000344,4000344,21369714,15280731.23,41989566,7200364
500,17,89479199,6,0,3000,0,0,0,0,0,0,0,0,0,0,4000353,4000353,21369711.5,15280731.3,41989565,7200355
0,0,112640282,3,0,0,0,0,0,0,0,0,0,0,0,0,0,0,56320141,657.61,56320606,56319676
500,17,89478500,6,0,3000,0,0,0,0,0,0,0,0,0,0,4000333,4000333,21369541.75,15280737.11,41989672,7200529
500,17,89478500,6,0,3000,0,0,0,0,0,0,0,0,0,0,4000333,4000333,21369541.75,15280737.96,41989673,7200529
500,17,89478162,6,0,3000,0,0,0,0,0,0,0,0,0,0,4000031,4000031,21369532.75,15281039.47,41990026,7200060
500,17,89478161,6,0,3000,0,0,0,0,0,0,0,0,0,0,4000030,4000030,21369532.75,15281039.12,41990026,7200061
500,17,89479411,6,0,3000,0,0,0,0,0,0,0,0,0,0,4000260,4000260,21369787.75,15280837,41989662,7200299
500,17,89479415,6,0,3000,0,0,0,0,0,0,0,0,0,0,4000253,4000253,21369790.5,15280841.82,41989673,7200300
0,0,112641010,3,0,0,0,0,0,0,0,0,0,0,0,0,0,0,56320505,84.85,56320565,56320445
500,17,89479483,6,0,3000,0,0,0,0,0,0,0,0,0,0,4000326,4000326,21369789.25,15281049.98,41990287,7200323
80,6,11,2,0,0,0,0,0,0,0,1,0,0,0,0,0,0,0,0,0,0
80,6,5349647,3,1,0,0,0,0,1,1,0,0,0,1,0,0,0,0,0,0,0
80,6,5889375,3,1,0,0,0,0,1,1,0,0,0,1,0,0,0,0,0,0,0
80,6,8378498,22,17,5792,17553,0,0,1,1,0,0,0,1,0,0,0,0,0,0,0
80,6,5833876,3,1,0,0,0,0,1,1,0,0,0,1,0,0,0,0,0,0,0
80,6,56042044,154,108,54442,81835,0,0,1,1,0,0,0,1,0,0,0,0,0,0,0
80,6,875,2,0,0,0,0,0,0,0,1,0,0,0,0,0,0,0,0,0,0
80,6,56684370,153,104,54995,72488,0,0,1,1,0,0,0,1,0,0,0,0,0,0,0
80,6,142,2,0,0,0,0,0,0,0,1,0,0,0,0,0,0,0,0,0,0
80,6,5008531,4,4,646,364,0,0,1,1,0,0,0,1,1,0,0,0,0,0,0
80,6,12,2,0,0,0,0,0,0,0,1,0,0,0,0,0,0,0,0,0,0
80,6,89,2,0,0,0,0,0,0,0,1,0,0,0,0,0,0,0,0,0,0
80,6,575,3,4,161,488,0,0,0,1,0,0,0,0,1,0,0,0,0,0,0
80,6,74,2,0,0,0,0,0,0,0,1,0,0,0,0,0,0,0,0,0,0
80,6,572,3,4,161,488,0,0,0,1,0,0,0,0,1,0,0,0,0,0,0
80,6,69,2,0,0,0,0,0,0,0,1,0,0,0,0,0,0,0,0,0,0
53,17,89158,2,2,102,256,0,0,0,0,0,0,0,0,1,0,0,0,0,0,0
53,17,256,1,1,50,66,0,0,0,0,0,0,0,0,1,0,0,0,0,0,0
53,17,953,1,1,45,86,0,0,0,0,0,0,0,0,1,0,0,0,0,0,0
53,17,533,1,1,41,118,0,0,0,0,0,0,0,0,1,0,0,0,0,0,0
443,6,195570,10,7,553,3773,0,0,0,1,0,0,0,0,0,0,0,0,0,0,0
52478,6,546,2,1,38,0,0,1,0,0,1,0,0,0,0,0,0,0,0,0,0
53,17,449,1,1,40,56,0,0,0,0,0,0,0,0,1,0,0,0,0,0,0
80,6,56977466,203,104,56330,190020,0,0,1,1,0,0,0,1,0,0,0,0,0,0,0
80,6,345,3,0,0,0,0,0,0,0,1,0,0,0,0,0,0,0,0,0,0
80,6,57063595,203,104,56083,189892,0,0,1,1,0,0,0,1,0,0,0,0,0,0,0
80,6,798,3,0,0,0,0,0,0,0,1,0,0,0,0,0,0,0,0,0,0
80,6,56477743,203,104,56330,189988,0,0,1,1,0,0,0,1,0,0,0,0,0,0,0
80,6,129,3,0,0,0,0,0,0,0,1,0,0,0,0,0,0,0,0,0,0
80,6,57017375,203,104,56083,189904,0,0,1,1,0,0,0,1,0,0,0,0,0,0,0
80,6,562,2,0,0,0,0,0,0,0,1,0,0,0,0,0,0,0,0,0,0
80,6,56912882,203,104,56330,189991,0,0,1,1,0,0,0,1,0,0,0,0,0,0,0
80,6,164,2,0,0,0,0,0,0,0,1,0,0,0,0,0,0,0,0,0,0
80,6,56489254,203,104,56083,189911,0,0,1,1,0,0,0,1,0,0,0,0,0,0,0
80,6,62,3,0,0,0,0,0,0,0,1,0,0,0,0,0,0,0,0,0,0
53,17,687,1,1,47,63,0,0,0,0,0,0,0,0,1,0,0,0,0,0,0
39109,6,88017034,2,0,0,0,0,0,0,0,1,0,0,0,0,0,0,88017034,0,88017034,88017034
53,17,1128,1,1,42,105,0,0,0,0,0,0,0,0,1,0,0,0,0,0,0
53,17,266,1,1,39,100,0,0,0,0,0,0,0,0,1,0,0,0,0,0,0
31777,6,88351008,2,0,0,0,0,0,0,0,1,0,0,0,0,0,0,88351008,0,88351008,88351008
52638,6,345,3,1,31,0,0,0,0,0,1,0,0,0,0,0,0,0,0,0,0
18678,6,88202877,2,0,0,0,0,0,0,0,1,0,0,0,0,0,0,88202877,0,88202877,88202877
3389,6,2113828,8,7,1148,1581,0,0,0,1,0,0,0,0,0,0,0,0,0,0,0
3389,6,2077563,8,7,1132,1581,0,0,0,1,0,0,0,0,0,0,0,0,0,0,0
53,17,16231,1,1,36,240,0,0,0,0,0,0,0,0,1,0,0,0,0,0,0
53,17,916,1,1,36,97,0,0,0,0,0,0,0,0,1,0,0,0,0,0,0
53,17,4872,1,1,33,252,0,0,0,0,0,0,0,0,1,0,0,0,0,0,0
3389,6,1098672,11,7,1148,1581,0,0,1,1,0,0,0,1,0,0,0,0,0,0,0
34166,6,88192686,2,0,0,0,0,0,0,0,1,0,0,0,0,0,0,88192686,0,88192686,88192686
15520,6,88143110,2,0,0,0,0,0,0,0,1,0,0,0,0,0,0,88143110,0,88143110,88143110
80,6,6010454,4,4,285,972,0,0,0,1,0,0,0,0,1,0,0,0,0,0,0
80,6,6005042,4,4,422,662,0,0,0,1,0,0,0,0,1,0,0,0,0,0,0
80,6,6003639,4,4,548,972,0,0,0,1,0,0,0,0,1,0,0,0,0,0,0
80,6,5998377,4,4,327,972,0,0,0,1,0,0,0,0,1,0,0,0,0,0,0
80,6,5999806,4,4,378,972,0,0,0,1,0,0,0,0,1,0,0,0,0,0,0
80,6,6000302,4,4,386,972,0,0,0,1,0,0,0,0,1,0,0,0,0,0,0
80,6,6000395,4,4,382,972,0,0,0,1,0,0,0,0,1,0,0,0,0,0,0
80,6,5998983,4,4,543,972,0,0,0,1,0,0,0,0,1,0,0,0,0,0,0
80,6,5999411,4,4,717,972,0,0,0,1,0,0,0,0,1,0,0,0,0,0,0
80,6,5993130,4,4,350,972,0,0,0,1,0,0,0,0,1,0,0,0,0,0,0
80,6,6000256,4,4,326,662,0,0,0,1,0,0,0,0,1,0,0,0,0,0,0
80,6,5996978,4,4,292,972,0,0,0,1,0,0,0,0,1,0,0,0,0,0,0
80,6,5997651,4,4,366,972,0,0,0,1,0,0,0,0,1,0,0,0,0,0,0
80,6,5997339,4,4,433,972,0,0,0,1,0,0,0,0,1,0,0,0,0,0,0
80,6,5997583,4,4,433,972,0,0,0,1,0,0,0,0,1,0,0,0,0,0,0
80,6,5996975,4,4,297,972,0,0,0,1,0,0,0,0,1,0,0,0,0,0,0
80,6,5997334,4,4,536,662,0,0,0,1,0,0,0,0,1,0,0,0,0,0,0
80,6,5995312,4,4,326,972,0,0,0,1,0,0,0,0,1,0,0,0,0,0,0
80,6,5995537,4,4,462,972,0,0,0,1,0,0,0,0,1,0,0,0,0,0,0
80,6,5994246,4,4,369,972,0,0,0,1,0,0,0,0,1,0,0,0,0,0,0
80,6,5992780,4,4,329,662,0,0,0,1,0,0,0,0,1,0,0,0,0,0,0
80,6,5992091,4,4,461,972,0,0,0,1,0,0,0,0,1,0,0,0,0,0,0
80,6,5992397,4,4,585,972,0,0,0,1,0,0,0,0,1,0,0,0,0,0,0
80,6,5991674,4,4,656,972,0,0,0,1,0,0,0,0,1,0,0,0,0,0,0
80,6,5984468,4,4,420,972,0,0,0,1,0,0,0,0,1,0,0,0,0,0,0
80,6,5987468,4,4,332,972,0,0,0,1,0,0,0,0,1,0,0,0,0,0,0
0,0,112641158,3,0,0,0,0,0,0,0,0,0,0,0,0,0,0,56320579,704.28,56321077,56320081
22,6,37366762,14,12,2168,2993,0,0,0,1,0,0,0,0,0,1601183,321569,11431221,3644990.56,15617415,8960247
47514,6,543,2,0,64,0,0,1,0,0,1,0,0,0,0,0,0,0,0,0,0
0,0,112640703,3,0,0,0,0,0,0,0,0,0,0,0,0,0,0,56320351.5,366.99,56320611,56320092
0,0,112640874,3,0,0,0,0,0,0,0,0,0,0,0,0,0,0,56320437,719.83,56320946,56319928
0,0,112640945,3,0,0,0,0,0,0,0,0,0,0,0,0,0,0,56320472.5,221.32,56320629,56320316
80,6,179213,3,4,182,935,0,0,0,1,0,0,0,0,1,0,0,0,0,0,0
80,6,14,2,0,0,0,0,0,0,0,1,0,0,0,0,0,0,0,0,0,0
0,0,112641627,3,0,0,0,0,0,0,0,0,0,0,0,0,0,0,56320813.5,53.03,56320851,56320776
22,6,25524814,17,12,1280,2273,0,0,0,1,0,0,0,0,0,2726234,2726234,17163940,0,17163940,17163940
0,0,112640665,3,0,0,0,0,0,0,0,0,0,0,0,0,0,0,56320332.5,719.13,56320841,56319824
1178,6,17167199,57,66,4560,1728,0,1,0,0,1,0,0,0,1,0,0,0,0,0,0
0,0,112640280,3,0,0,0,0,0,0,0,0,0,0,0,0,0,0,56320140,56.57,56320180,56320100
0,0,112640853,3,0,0,0,0,0,0,0,0,0,0,0,0,0,0,56320426.5,48.79,56320461,56320392
80,6,5234448,5,3,137,442,0,0,0,1,0,0,0,0,0,0,0,0,0,0,0
22,6,27180357,12,8,1184,2145,0,0,0,1,0,0,0,0,0,914587,219246,13023255,7197922.77,18112955,7933555
50742,6,628,3,0,64,0,0,0,0,0,1,0,0,0,0,0,0,0,0,0,0
0,0,112641174,3,0,0,0,0,0,0,0,0,0,0,0,0,0,0,56320587,50.91,56320623,56320551
0,0,112641282,3,0,0,0,0,0,0,0,0,0,0,0,0,0,0,56320641,2.83,56320643,56320639
0,0,112641497,3,0,0,0,0,0,0,0,0,0,0,0,0,0,0,56320748.5,91.22,56320813,56320684
80,6,1023719,4,2,230,0,0,0,0,1,0,0,0,0,0,0,0,0,0,0,0
80,6,830593,6,2,920,0,0,0,0,1,0,0,0,0,0,0,0,0,0,0,0
80,6,578,3,2,230,0,0,0,0,1,0,0,0,0,0,0,0,0,0,0,0
80,6,1067,3,2,230,0,0,0,0,1,0,0,0,0,0,0,0,0,0,0,0
80,6,29126378,4,3,238,0,0,0,0,1,0,0,0,0,0,4640,4640,29121728,0,29121728,29121728
80,6,29121757,4,3,238,0,0,0,0,1,0,0,0,0,0,1569,1569,29120186,0,29120186,29120186
80,6,29120221,4,3,238,0,0,0,0,1,0,0,0,0,0,2699,2699,29117519,0,29117519,29117519
80,6,29116920,4,3,238,0,0,0,0,1,0,0,0,0,0,393,393,29116525,0,29116525,29116525
80,6,29116484,4,3,238,0,0,0,0,1,0,0,0,0,0,436,436,29116046,0,29116046,29116046
80,6,29117573,4,3,238,0,0,0,0,1,0,0,0,0,0,562,562,29117008,0,29117008,29117008
80,6,29116028,4,3,238,0,0,0,0,1,0,0,0,0,0,426,426,29115599,0,29115599,29115599
80,6,29115114,4,3,238,0,0,0,0,1,0,0,0,0,0,459,459,29114653,0,29114653,29114653
80,6,29114580,4,3,238,0,0,0,0,1,0,0,0,0,0,383,383,29114195,0,29114195,29114195
80,6,29115546,4,3,238,0,0,0,0,1,0,0,0,0,0,394,394,29115150,0,29115150,29115150
80,6,29113013,4,3,238,0,0,0,0,1,0,0,0,0,0,430,430,29112581,0,29112581,29112581
80,6,29114095,4,3,238,0,0,0,0,1,0,0,0,0,0,429,429,29113664,0,29113664,29113664
80,6,29112483,4,3,238,0,0,0,0,1,0,0,0,0,0,422,422,29112059,0,29112059,29112059
80,6,29113543,4,3,238,0,0,0,0,1,0,0,0,0,0,474,474,29113067,0,29113067,29113067
80,6,29111955,4,3,238,0,0,0,0,1,0,0,0,0,0,484,484,29111469,0,29111469,29111469
80,6,29111379,4,3,238,0,0,0,0,1,0,0,0,0,0,449,449,29110928,0,29110928,29110928
80,6,29110805,4,3,238,0,0,0,0,1,0,0,0,0,0,473,473,29110330,0,29110330,29110330
53,17,914,1,1,51,79,0,0,0,0,0,0,0,0,1,0,0,0,0,0,0
53,17,23365,1,1,84,166,0,0,0,0,0,0,0,0,1,0,0,0,0,0,0
53,17,350,1,1,64,192,0,0,0,0,0,0,0,0,1,0,0,0,0,0,0
53347,6,30,2,0,0,0,0,0,0,0,1,0,0,0,0,0,0,0,0,0,0
53,17,164823,2,2,56,164,0,0,0,0,0,0,0,0,1,0,0,0,0,0,0
53,17,615,1,1,54,70,0,0,0,0,0,0,0,0,1,0,0,0,0,0,0
3389,6,2430300,8,7,1128,1581,0,0,1,1,0,0,0,1,0,0,0,0,0,0,0
53,17,38935,1,1,38,103,0,0,0,0,0,0,0,0,1,0,0,0,0,0,0
0,0,94,1,1,0,0,0,0,0,0,0,0,0,0,1,0,0,0,0,0,0
52788,6,79,2,0,0,0,0,0,0,0,1,0,0,0,0,0,0,0,0,0,0
53,17,37813,1,1,42,88,0,0,0,0,0,0,0,0,1,0,0,0,0,0,0
53,17,37089,1,1,30,132,0,0,0,0,0,0,0,0,1,0,0,0,0,0,0
53,17,1395,1,1,27,108,0,0,0,0,0,0,0,0,1,0,0,0,0,0,0
3389,6,2432693,8,7,1144,1581,0,0,1,1,0,0,0,1,0,0,0,0,0,0,0
53,17,370,1,1,46,62,0,0,0,0,0,0,0,0,1,0,0,0,0,0,0
53,17,37623,1,1,43,99,0,0,0,0,0,0,0,0,1,0,0,0,0,0,0
3389,6,1660846,8,7,1128,1581,0,0,1,1,0,0,0,1,0,0,0,0,0,0,0
53,17,39226,1,1,84,166,0,0,0,0,0,0,0,0,1,0,0,0,0,0,0
53,17,1647,1,1,44,252,0,0,0,0,0,0,0,0,1,0,0,0,0,0,0
53,17,39849,2,2,66,254,0,0,0,0,0,0,0,0,1,0,0,0,0,0,0
53,17,302,1,1,40,56,0,0,0,0,0,0,0,0,1,0,0,0,0,0,0
3389,6,1405718,8,7,1132,1581,0,0,0,1,0,0,0,0,0,0,0,0,0,0,0
52067,6,0,2,0,0,0,0,0,0,0,1,0,0,0,0,0,0,0,0,0,0
3389,6,2690862,8,9,1128,1581,0,0,1,1,0,0,0,1,1,0,0,0,0,0,0
445,6,59204,3,1,0,0,0,0,0,1,0,0,0,0,0,0,0,0,0,0,0
52068,6,0,2,0,0,0,0,0,0,0,1,0,0,0,0,0,0,0,0,0,0
53348,6,23,2,0,0,0,0,0,0,0,1,0,0,0,0,0,0,0,0,0,0
53,17,2096,1,1,32,71,0,0,0,0,0,0,0,0,1,0,0,0,0,0,0
53,17,360,1,1,36,52,0,0,0,0,0,0,0,0,1,0,0,0,0,0,0
53570,6,18,1,1,0,0,0,0,0,0,1,1,0,0,1,0,0,0,0,0,0
3389,6,2079417,8,7,1148,1581,0,0,0,1,0,0,0,0,0,0,0,0,0,0,0
3389,6,15695367,4,2,43,0,0,0,1,1,0,0,0,1,0,370014,370014,15300000,0,15300000,15300000
53,17,1392,1,1,44,252,0,0,0,0,0,0,0,0,1,0,0,0,0,0,0
53,17,81899,2,2,68,252,0,0,0,0,0,0,0,0,1,0,0,0,0,0,0
53,17,325,1,1,40,56,0,0,0,0,0,0,0,0,1,0,0,0,0,0,0
3389,6,1997708,8,7,1128,1581,0,0,1,1,0,0,0,1,0,0,0,0,0,0,0
443,6,116166085,19,16,2064,649,0,0,1,1,0,0,0,1,0,532179,37267,10100000,54299.07,10200000,10000000
53,17,399,1,1,34,126,0,0,0,0,0,0,0,0,1,0,0,0,0,0,0
3389,6,2269053,9,7,1128,1581,0,0,1,1,0,0,0,1,0,0,0,0,0,0,0
3389,6,1398005,8,7,1132,1581,0,0,0,1,0,0,0,0,0,0,0,0,0,0,0
3389,6,2948229,8,11,1132,1581,0,0,0,1,0,0,0,0,1,0,0,0,0,0,0
3389,6,2644348,8,11,1148,1581,0,0,0,1,0,0,0,0,1,0,0,0,0,0,0
22,6,3115926,13,11,1195,1969,0,0,0,1,0,0,0,0,0,0,0,0,0,0,0
3389,6,1669202,8,7,1128,1581,0,0,1,1,0,0,0,1,0,0,0,0,0,0,0
3389,6,1665774,8,7,1128,1581,0,0,1,1,0,0,0,1,0,0,0,0,0,0,0
35076,6,447631,1,1,0,0,0,0,0,0,1,1,0,0,1,0,0,0,0,0,0
0,0,112634925,60,0,0,0,0,0,0,0,0,0,0,0,0,66100000,4952610,10200000,3990749.3,14100000,6109541
3389,6,2523028,11,7,1132,1581,0,0,1,1,0,0,0,1,0,0,0,0,0,0,0
443,6,5273991,6,3,599,156,0,0,1,1,0,0,0,1,0,0,0,0,0,0,0
53,17,382,1,1,42,58,0,0,0,0,0,0,0,0,1,0,0,0,0,0,0
53,17,13158,1,1,40,139,0,0,0,0,0,0,0,0,1,0,0,0,0,0,0
3389,6,1401543,8,7,1148,1581,0,0,0,1,0,0,0,0,0,0,0,0,0,0,0
3389,6,2599219,9,7,1148,1581,0,0,1,1,0,0,0,1,0,0,0,0,0,0,0
3389,6,1394856,8,7,1132,1581,0,0,0,1,0,0,0,0,0,0,0,0,0,0,0
445,6,29636,3,1,0,0,0,0,0,1,0,0,0,0,0,0,0,0,0,0,0
49437,6,26,2,0,0,0,0,0,0,0,1,0,0,0,0,0,0,0,0,0,0
445,6,89597,5,4,286,170,0,0,0,1,0,0,0,0,0,0,0,0,0,0,0
3389,6,1392522,10,7,1132,1581,0,0,1,1,0,0,0,1,0,0,0,0,0,0,0
445,6,90141,5,4,373,172,0,0,0,1,0,0,0,0,0,0,0,0,0,0,0
51863,6,9,1,1,0,0,0,0,0,0,1,1,0,0,1,0,0,0,0,0,0
51864,6,21,1,1,0,0,0,0,0,0,1,1,0,0,1,0,0,0,0,0,0
443,6,425,3,0,46,0,0,0,0,0,1,0,0,0,0,0,0,0,0,0,0
53534,6,48,2,0,0,0,1,0,0,0,0,0,0,0,0,0,0,0,0,0,0
52070,6,1,2,0,0,0,0,0,0,0,1,0,0,0,0,0,0,0,0,0,0
443,6,96202311,9,16,940,2542,0,1,0,0,1,0,0,0,1,124519,123474,47900000,3870510.19,50700000,45200000
51860,6,24,1,1,0,0,0,0,0,0,1,1,0,0,1,0,0,0,0,0,0
443,6,326,3,0,77,0,0,1,0,0,1,0,0,0,0,0,0,0,0,0,0
443,6,447,3,0,77,0,0,1,0,0,1,0,0,0,0,0,0,0,0,0,0
51525,6,51,3,1,31,0,0,0,0,0,1,0,0,0,0,0,0,0,0,0,0
51524,6,0,2,0,0,0,0,0,0,0,1,0,0,0,0,0,0,0,0,0,0
3389,6,1676288,8,7,1128,1581,0,0,1,1,0,0,0,1,0,0,0,0,0,0,0
53,17,46926,2,2,168,424,0,0,0,0,0,0,0,0,1,0,0,0,0,0,0
53,17,34675,2,2,88,504,0,0,0,0,0,0,0,0,1,0,0,0,0,0,0
443,6,61017897,14,15,1287,5543,0,0,1,1,0,0,0,1,1,161100,39597,10100000,64332.25,10200000,10000000
53,17,37593,2,2,88,504,0,0,0,0,0,0,0,0,1,0,0,0,0,0,0
53,17,262,1,1,84,212,0,0,0,0,0,0,0,0,1,0,0,0,0,0,0
443,6,467,3,0,77,0,0,1,0,0,1,0,0,0,0,0,0,0,0,0,0
443,6,732,3,0,77,0,0,1,0,0,1,0,0,0,0,0,0,0,0,0,0
443,6,964,3,0,77,0,0,1,0,0,1,0,0,0,0,0,0,0,0,0,0
443,6,987,3,0,77,0,0,1,0,0,1,0,0,0,0,0,0,0,0,0,0
51527,6,1,2,0,0,0,0,0,0,0,1,0,0,0,0,0,0,0,0,0,0
51530,6,37,3,1,77,0,0,1,0,0,1,0,0,0,0,0,0,0,0,0,0
51531,6,212,2,1,31,0,0,1,0,0,1,0,0,0,0,0,0,0,0,0,0
51532,6,32,1,1,0,0,0,0,0,0,1,1,0,0,1,0,0,0,0,0,0
51530,6,1,2,0,0,0,1,0,0,0,0,0,0,0,0,0,0,0,0,0,0
443,6,267,3,0,77,0,0,1,0,0,1,0,0,0,0,0,0,0,0,0,0
443,6,498,3,0,77,0,0,1,0,0,1,0,0,0,0,0,0,0,0,0,0
443,6,846,3,0,77,0,0,1,0,0,1,0,0,0,0,0,0,0,0,0,0
443,6,898,3,0,77,0,0,1,0,0,1,0,0,0,0,0,0,0,0,0,0
443,6,1309,3,0,77,0,0,1,0,0,1,0,0,0,0,0,0,0,0,0,0
443,6,1402,3,0,77,0,0,1,0,0,1,0,0,0,0,0,0,0,0,0,0
80,6,23,2,0,0,0,0,0,0,0,1,0,0,0,0,0,0,0,0,0,0
500,17,89479723,6,0,3000,0,0,0,0,0,0,0,0,0,0,4000231,4000231,21369873,15281071.06,41990338,7200492
500,17,89479722,6,0,3000,0,0,0,0,0,0,0,0,0,0,4000231,4000231,21369872.75,15281064.11,41990318,7200493
80,6,56111227,153,104,54995,72493,0,0,1,1,0,0,0,1,0,0,0,0,0,0,0
80,6,49,2,0,0,0,0,0,0,0,1,0,0,0,0,0,0,0,0,0,0
80,6,5009216,4,4,646,364,0,0,1,1,0,0,0,1,1,0,0,0,0,0,0
80,6,23,2,0,0,0,0,0,0,0,1,0,0,0,0,0,0,0,0,0,0
500,17,89479543,6,0,3000,0,0,0,0,0,0,0,0,0,0,4000299,4000299,21369811,15281037.88,41990230,7200455
500,17,89479543,6,0,3000,0,0,0,0,0,0,0,0,0,0,4000299,4000299,21369811,15281038.34,41990230,7200455
0,0,112641247,3,0,0,0,0,0,0,0,0,0,0,0,0,0,0,56320623.5,111.02,56320702,56320545
80,6,57023487,153,104,54995,72483,0,0,1,1,0,0,0,1,0,0,0,0,0,0,0
80,6,126,2,0,0,0,0,0,0,0,1,0,0,0,0,0,0,0,0,0,0
80,6,5005914,5,3,646,364,0,0,1,1,0,0,0,1,0,0,0,0,0,0,0
500,17,89479709,6,0,3000,0,0,0,0,0,0,0,0,0,0,4000188,4000188,21369880.25,15281107.9,41990461,7200411
500,17,89479671,6,0,3000,0,0,0,0,0,0,0,0,0,0,4000146,4000146,21369881.25,15281108.58,41990464,7200413
80,6,56130475,153,104,54995,72486,0,0,1,1,0,0,0,1,0,0,0,0,0,0,0
80,6,105,2,0,0,0,0,0,0,0,1,0,0,0,0,0,0,0,0,0,0
80,6,5011371,4,4,646,364,0,0,1,1,0,0,0,1,1,0,0,0,0,0,0
80,6,13,2,0,0,0,0,0,0,0,1,0,0,0,0,0,0,0,0,0,0
80,6,13197494,38,25,12446,16789,0,0,1,1,0,0,0,1,0,0,0,0,0,0,0
500,17,89479778,6,0,3000,0,0,0,0,0,0,0,0,0,0,4000369,4000369,21369852.25,15281088.97,41990328,7200350
500,17,89479790,6,0,3000,0,0,0,0,0,0,0,0,0,0,4000390,4000390,21369850,15281091.25,41990327,7200340
500,17,89479822,6,0,3000,0,0,0,0,0,0,0,0,0,0,4000346,4000346,21369869,15281102.38,41990346,7200265
500,17,89479820,6,0,3000,0,0,0,0,0,0,0,0,0,0,4000344,4000344,21369869,15281101.72,41990345,7200267
0,0,112641517,3,0,0,0,0,0,0,0,0,0,0,0,0,0,0,56320758.5,185.97,56320890,56320627
500,17,89480070,6,0,3000,0,0,0,0,0,0,0,0,0,0,4000352,4000352,21369929.5,15281060.06,41990334,7200287
500,17,89480072,6,0,3000,0,0,0,0,0,0,0,0,0,0,4000344,4000344,21369932,15281058.04,41990336,7200295
500,17,89479649,6,0,3000,0,0,0,0,0,0,0,0,0,0,4000237,4000237,21369853,15281088.16,41990306,7200333
500,17,89479658,6,0,3000,0,0,0,0,0,0,0,0,0,0,4000238,4000238,21369855,15281091.53,41990314,7200333
500,17,89479589,6,0,3000,0,0,0,0,0,0,0,0,0,0,4000297,4000297,21369823,15281090.69,41990335,7200348
500,17,89479603,6,0,3000,0,0,0,0,0,0,0,0,0,0,4000297,4000297,21369826.5,15281090.41,41990334,7200350
0,0,112641166,3,0,0,0,0,0,0,0,0,0,0,0,0,0,0,56320583,82.02,56320641,56320525
500,17,89479842,6,0,3000,0,0,0,0,0,0,0,0,0,0,4000281,4000281,21369890.25,15281093.51,41990419,7200457
500,17,89479833,6,0,3000,0,0,0,0,0,0,0,0,0,0,4000271,4000271,21369890.5,15281091.19,41990418,7200469
500,17,89479820,6,0,3000,0,0,0,0,0,0,0,0,0,0,4000328,4000328,21369873,15281048.93,41990344,7200378
500,17,89479821,6,0,3000,0,0,0,0,0,0,0,0,0,0,4000330,4000330,21369872.75,15281049.23,41990344,7200377
500,17,89479655,6,0,3000,0,0,0,0,0,0,0,0,0,0,4000280,4000280,21369843.75,15281051.42,41990280,7200363
500,17,89479655,6,0,3000,0,0,0,0,0,0,0,0,0,0,4000280,4000280,21369843.75,15281051.6,41990281,7200363
0,0,112641367,3,0,0,0,0,0,0,0,0,0,0,0,0,0,0,56320683.5,43.13,56320714,56320653
80,6,56908317,203,104,56330,189985,0,0,1,1,0,0,0,1,0,0,0,0,0,0,0
80,6,674,2,0,0,0,0,0,0,0,1,0,0,0,0,0,0,0,0,0,0
500,17,89479291,6,0,3000,0,0,0,0,0,0,0,0,0,0,4000208,4000208,21369770.75,15281170.8,41990321,7200098
500,17,89479290,6,0,3000,0,0,0,0,0,0,0,0,0,0,4000218,4000218,21369768,15281171.33,41990319,7200098
80,6,57100352,203,104,56083,189922,0,0,1,1,0,0,0,1,0,0,0,0,0,0,0
80,6,447,2,0,0,0,0,0,0,0,1,0,0,0,0,0,0,0,0,0,0
500,17,89479970,6,0,3000,0,0,0,0,0,0,0,0,0,0,4000357,4000357,21369903.25,15281054.14,41990383,7200369
500,17,89479971,6,0,3000,0,0,0,0,0,0,0,0,0,0,4000359,4000359,21369903,15281055.16,41990385,7200367
80,6,56761445,203,104,56330,190005,0,0,1,1,0,0,0,1,0,0,0,0,0,0,0
80,6,728,2,0,0,0,0,0,0,0,1,0,0,0,0,0,0,0,0,0,0
500,17,89479605,6,0,3000,0,0,0,0,0,0,0,0,0,0,4000308,4000308,21369824.25,15281058.14,41990264,7200377
500,17,89479589,6,0,3000,0,0,0,0,0,0,0,0,0,0,4000294,4000294,21369823.75,15281058.22,41990263,7200376
0,0,112641214,3,0,0,0,0,0,0,0,0,0,0,0,0,0,0,56320607,25.46,56320625,56320589
80,6,56548731,203,104,56083,189893,0,0,1,1,0,0,0,1,0,0,0,0,0,0,0
80,6,505,2,0,0,0,0,0,0,0,1,0,0,0,0,0,0,0,0,0,0
500,17,89479415,6,0,3000,0,0,0,0,0,0,0,0,0,0,4000057,4000057,21369839.5,15281117.1,41990407,7200336
500,17,89479413,6,0,3000,0,0,0,0,0,0,0,0,0,0,4000056,4000056,21369839.25,15281115.89,41990405,7200337
22,6,4882514,6,4,20,1017,0,0,0,1,0,0,0,0,0,0,0,0,0,0,0
80,6,56742910,203,104,56330,190014,0,0,1,1,0,0,0,1,0,0,0,0,0,0,0
80,6,35,2,0,0,0,0,0,0,0,1,0,0,0,0,0,0,0,0,0,0
500,17,89479717,6,0,3000,0,0,0,0,0,0,0,0,0,0,4000448,4000448,21369817.25,15281165.41,41990342,7200139
500,17,89479717,6,0,3000,0,0,0,0,0,0,0,0,0,0,4000449,4000449,21369817,15281164.11,41990342,7200149
80,6,57899887,203,104,56083,189894,0,0,1,1,0,0,0,1,0,0,0,0,0,0,0
80,6,310,2,0,0,0,0,0,0,0,1,0,0,0,0,0,0,0,0,0,0
500,17,89479674,6,0,3000,0,0,0,0,0,0,0,0,0,0,4000283,4000283,21369847.75,15281031.08,41990256,7200296
500,17,89479674,6,0,3000,0,0,0,0,0,0,0,0,0,0,4000283,4000283,21369847.75,15281031.61,41990257,7200295
0,0,112641102,3,0,0,0,0,0,0,0,0,0,0,0,0,0,0,56320551,96.17,56320619,56320483
500,17,89479673,6,0,3000,0,0,0,0,0,0,0,0,0,0,4000333,4000333,21369835,15281069.75,41990285,7200342
500,17,89479666,6,0,3000,0,0,0,0,0,0,0,0,0,0,4000324,4000324,21369835.5,15281071.78,41990287,7200333
80,6,56290022,203,104,56330,190022,0,0,1,1,0,0,0,1,0,0,0,0,0,0,0
80,6,38,2,0,0,0,0,0,0,0,1,0,0,0,0,0,0,0,0,0,0
80,6,57126877,203,104,56083,189916,0,0,1,1,0,0,0,1,0,0,0,0,0,0,0
80,6,134,2,0,0,0,0,0,0,0,1,0,0,0,0,0,0,0,0,0,0
500,17,89479626,6,0,3000,0,0,0,0,0,0,0,0,0,0,4000303,4000303,21369830.75,15280622.09,41990288,7200403
80,6,23,2,0,0,0,0,0,0,0,1,0,0,0,0,0,0,0,0,0,0
0,0,112641052,3,0,0,0,0,0,0,0,0,0,0,0,0,0,0,56320526,90.51,56320590,56320462
500,17,89479736,6,0,3000,0,0,0,0,0,0,0,0,0,0,4000330,4000330,21369851.5,15281034.67,41990258,7200288
500,17,89479737,6,0,3000,0,0,0,0,0,0,0,0,0,0,4000330,4000330,21369851.75,15281034.67,41990259,7200288
80,6,5010281,4,4,535,388,0,0,1,1,0,0,0,1,1,0,0,0,0,0,0
80,6,13,2,0,0,0,0,0,0,0,1,0,0,0,0,0,0,0,0,0,0
80,6,9103080,7,4,1070,2241,0,0,1,1,0,0,0,1,0,0,0,0,0,0,0
22,6,1500129,13,11,1145,1969,0,0,0,1,0,0,0,0,0,0,0,0,0,0,0
80,6,5011734,4,4,566,1866,0,0,1,1,0,0,0,1,1,0,0,0,0,0,0
80,6,60,2,0,0,0,0,0,0,0,1,0,0,0,0,0,0,0,0,0,0
500,17,89479743,6,0,3000,0,0,0,0,0,0,0,0,0,0,4000367,4000367,21369844,15281118.5,41990349,7200332
500,17,89479743,6,0,3000,0,0,0,0,0,0,0,0,0,0,4000367,4000367,21369844,15281117.97,41990348,7200333
80,6,5010967,4,4,586,1890,0,0,1,1,0,0,0,1,1,0,0,0,0,0,0
80,6,13,2,0,0,0,0,0,0,0,1,0,0,0,0,0,0,0,0,0,0
500,17,89479762,6,0,3000,0,0,0,0,0,0,0,0,0,0,4000228,4000228,21369883.5,15281122.63,41990422,7200359
500,17,89479762,6,0,3000,0,0,0,0,0,0,0,0,0,0,4000226,4000226,21369884,15281123.43,41990424,7200358
80,6,5013860,4,4,598,1878,0,0,1,1,0,0,0,1,1,0,0,0,0,0,0
80,6,73,2,0,0,0,0,0,0,0,1,0,0,0,0,0,0,0,0,0,0
80,6,5009248,5,3,599,386,0,0,1,1,0,0,0,1,0,0,0,0,0,0,0
0,0,112641389,3,0,0,0,0,0,0,0,0,0,0,0,0,0,0,56320694.5,4.95,56320698,56320691
500,17,89479773,6,0,3000,0,0,0,0,0,0,0,0,0,0,4000423,4000423,21369837.5,15281060.98,41990330,7200309
500,17,89479764,6,0,3000,0,0,0,0,0,0,0,0,0,0,4000414,4000414,21369837.5,15281060.98,41990330,7200309
22,6,1541798,12,12,1335,2273,0,0,0,1,0,0,0,0,1,0,0,0,0,0,0
500,17,89479855,6,0,3000,0,0,0,0,0,0,0,0,0,0,4000275,4000275,21369895,15281131.56,41990499,7200337
500,17,89479859,6,0,3000,0,0,0,0,0,0,0,0,0,0,4000278,4000278,21369895.25,15281131.48,41990499,7200338
500,17,89479594,6,0,3000,0,0,0,0,0,0,0,0,0,0,4000195,4000195,21369849.75,15281094.11,41990381,7200382
500,17,89479593,6,0,3000,0,0,0,0,0,0,0,0,0,0,4000197,4000197,21369849,15281094.92,41990381,7200380
80,6,5005911,5,3,602,1873,0,0,1,1,0,0,0,1,0,0,0,0,0,0,0
500,17,89479507,6,0,3000,0,0,0,0,0,0,0,0,0,0,4000338,4000338,21369792.25,15281247.41,41990548,7200181
500,17,89479508,6,0,3000,0,0,0,0,0,0,0,0,0,0,4000339,4000339,21369792.25,15281247.08,41990548,7200180
0,0,112641339,3,0,0,0,0,0,0,0,0,0,0,0,0,0,0,56320669.5,48.79,56320704,56320635
80,6,1793,3,4,364,935,0,0,0,1,0,0,0,0,1,0,0,0,0,0,0
80,6,1720,3,4,300,935,0,0,0,1,0,0,0,0,1,0,0,0,0,0,0
80,6,191,2,0,0,0,0,0,0,0,1,0,0,0,0,0,0,0,0,0,0
80,6,912,3,4,359,935,0,0,0,1,0,0,0,0,1,0,0,0,0,0,0
80,6,1869,3,4,384,935,0,0,0,1,0,0,0,0,1,0,0,0,0,0,0
80,6,352,2,0,0,0,0,0,0,0,1,0,0,0,0,0,0,0,0,0,0
80,6,69,2,0,0,0,0,0,0,0,1,0,0,0,0,0,0,0,0,0,0
80,6,1347,3,4,352,935,0,0,0,1,0,0,0,0,1,0,0,0,0,0,0
80,6,498,2,0,0,0,0,0,0,0,1,0,0,0,0,0,0,0,0,0,0
80,6,1223,3,4,364,935,0,0,0,1,0,0,0,0,1,0,0,0,0,0,0
80,6,135,2,0,0,0,0,0,0,0,1,0,0,0,0,0,0,0,0,0,0
80,6,1071,3,4,300,935,0,0,0,1,0,0,0,0,1,0,0,0,0,0,0
80,6,1329,3,4,414,935,0,0,0,1,0,0,0,0,1,0,0,0,0,0,0
80,6,227,2,0,0,0,0,0,0,0,1,0,0,0,0,0,0,0,0,0,0
80,6,1336,3,4,359,935,0,0,0,1,0,0,0,0,1,0,0,0,0,0,0
80,6,321,2,0,0,0,0,0,0,0,1,0,0,0,0,0,0,0,0,0,0
80,6,40,2,0,0,0,0,0,0,0,1,0,0,0,0,0,0,0,0,0,0
80,6,1581,3,4,384,935,0,0,0,1,0,0,0,0,1,0,0,0,0,0,0
0,0,112640768,3,0,0,0,0,0,0,0,0,0,0,0,0,0,0,56300000,138.59,56300000,56300000
0,0,112641773,3,0,0,0,0,0,0,0,0,0,0,0,0,0,0,56300000,263.75,56300000,56300000
35605,6,20784143,23,44,2416,1344,0,1,0,0,1,0,0,0,1,2624734,2624734,9058214,0,9058214,9058214
0,0,112640836,3,0,0,0,0,0,0,0,0,0,0,0,0,0,0,56300000,82.02,56300000,56300000
23,6,20,1,1,0,0,0,0,0,1,0,0,0,0,1,0,0,0,0,0,0
0,0,112641178,3,0,0,0,0,0,0,0,0,0,0,0,0,0,0,56300000,5.66,56300000,56300000
0,0,112641264,3,0,0,0,0,0,0,0,0,0,0,0,0,0,0,56300000,7.07,56300000,56300000
0,0,112641525,3,0,0,0,0,0,0,0,0,0,0,0,0,0,0,56300000,17.68,56300000,56300000
0,0,112641414,3,0,0,0,0,0,0,0,0,0,0,0,0,0,0,56300000,63.64,56300000,56300000
0,0,112641379,3,0,0,0,0,0,0,0,0,0,0,0,0,0,0,56300000,30.41,56300000,56300000
23,6,24,1,1,0,0,0,0,0,1,0,0,0,0,1,0,0,0,0,0,0
0,0,112639807,3,0,0,0,0,0,0,0,0,0,0,0,0,0,0,56300000,112.43,56300000,56300000
23,6,22,1,1,0,0,0,0,0,1,0,0,0,0,1,0,0,0,0,0,0
0,0,112640246,3,0,0,0,0,0,0,0,0,0,0,0,0,0,0,56300000,123.04,56300000,56300000
80,6,260500,16,16,217,24171,0,0,0,1,0,0,0,0,1,0,0,0,0,0,0
80,6,198326,2,0,0,0,0,0,0,0,1,0,0,0,0,0,0,0,0,0,0
80,6,340364,24,24,255,45734,0,0,0,1,0,0,0,0,1,0,0,0,0,0,0
80,6,840596,2,0,0,0,0,0,0,0,1,0,0,0,0,0,0,0,0,0,0
80,6,1677127,59,55,733,107578,0,0,0,1,0,0,0,0,0,0,0,0,0,0,0
80,6,1676473,207,889,1759,1566268,0,0,0,1,0,0,0,0,4,0,0,0,0,0,0
0,0,112640552,3,0,0,0,0,0,0,0,0,0,0,0,0,0,0,56300000,43.84,56300000,56300000
21,6,21,1,1,0,0,0,0,0,1,0,0,0,0,1,0,0,0,0,0,0
21,6,3,1,1,0,0,0,0,0,1,0,0,0,0,1,0,0,0,0,0,0
21,6,3,1,1,0,0,0,0,0,1,0,0,0,0,1,0,0,0,0,0,0
21,6,3,1,1,0,0,0,0,0,1,0,0,0,0,1,0,0,0,0,0,0
21,6,2,1,1,0,0,0,0,0,1,0,0,0,0,1,0,0,0,0,0,0
21,6,2,1,1,0,0,0,0,0,1,0,0,0,0,1,0,0,0,0,0,0
21,6,3,1,1,0,0,0,0,0,1,0,0,0,0,1,0,0,0,0,0,0
21,6,3,1,1,0,0,0,0,0,1,0,0,0,0,1,0,0,0,0,0,0
21,6,2,1,1,0,0,0,0,0,1,0,0,0,0,1,0,0,0,0,0,0
21,6,2,1,1,0,0,0,0,0,1,0,0,0,0,1,0,0,0,0,0,0
21,6,20,1,1,0,0,0,0,0,1,0,0,0,0,1,0,0,0,0,0,0
21,6,3,1,1,0,0,0,0,0,1,0,0,0,0,1,0,0,0,0,0,0
21,6,2,1,1,0,0,0,0,0,1,0,0,0,0,1,0,0,0,0,0,0
21,6,2,1,1,0,0,0,0,0,1,0,0,0,0,1,0,0,0,0,0,0
21,6,3,1,1,0,0,0,0,0,1,0,0,0,0,1,0,0,0,0,0,0
21,6,2,1,1,0,0,0,0,0,1,0,0,0,0,1,0,0,0,0,0,0
21,6,2,1,1,0,0,0,0,0,1,0,0,0,0,1,0,0,0,0,0,0
21,6,3,1,1,0,0,0,0,0,1,0,0,0,0,1,0,0,0,0,0,0
21,6,2,1,1,0,0,0,0,0,1,0,0,0,0,1,0,0,0,0,0,0
21,6,2,1,1,0,0,0,0,0,1,0,0,0,0,1,0,0,0,0,0,0
21,6,22,1,1,0,0,0,0,0,1,0,0,0,0,1,0,0,0,0,0,0
21,6,3,1,1,0,0,0,0,0,1,0,0,0,0,1,0,0,0,0,0,0
44180,6,4178293,5,3,935,318,0,0,0,0,1,0,0,0,0,0,0,0,0,0,0
44184,6,4231220,5,4,935,322,0,0,0,0,1,0,0,0,0,0,0,0,0,0,0
44194,6,4246295,5,3,935,387,0,0,0,0,1,0,0,0,0,0,0,0,0,0,0
44182,6,4178634,5,3,935,371,0,0,0,0,1,0,0,0,0,0,0,0,0,0,0
44212,6,4236578,5,3,935,366,0,0,0,0,1,0,0,0,0,0,0,0,0,0,0
44234,6,4197556,5,3,935,357,0,0,0,0,1,0,0,0,0,0,0,0,0,0,0
44232,6,4194924,5,3,935,348,0,0,0,0,1,0,0,0,0,0,0,0,0,0,0
44226,6,4199760,5,3,935,300,0,0,0,0,1,0,0,0,0,0,0,0,0,0,0
44214,6,4237915,5,3,935,323,0,0,0,0,1,0,0,0,0,0,0,0,0,0,0
38066,6,5221186,5,4,935,365,0,0,0,0,1,0,0,0,0,0,0,0,0,0,0
38064,6,5223481,5,4,935,297,0,0,0,0,1,0,0,0,0,0,0,0,0,0,0
38044,6,5225785,5,4,935,360,0,0,0,0,1,0,0,0,0,0,0,0,0,0,0
38060,6,5221697,5,4,935,406,0,0,0,0,1,0,0,0,0,0,0,0,0,0,0
38090,6,5222676,5,4,935,359,0,0,0,0,1,0,0,0,0,0,0,0,0,0,0
38070,6,5222379,5,4,935,365,0,0,0,0,1,0,0,0,0,0,0,0,0,0,0
38046,6,5207754,5,4,935,336,0,0,0,0,1,0,0,0,0,0,0,0,0,0,0
38068,6,5210775,5,4,935,410,0,0,0,0,1,0,0,0,0,0,0,0,0,0,0
44326,6,4108682,5,3,935,372,0,0,0,0,1,0,0,0,0,0,0,0,0,0,0
44360,6,4102890,5,3,935,371,0,0,0,0,1,0,0,0,0,0,0,0,0,0,0
44412,6,4070187,5,3,935,349,0,0,0,0,1,0,0,0,0,0,0,0,0,0,0
80,6,39,2,0,0,0,0,0,0,0,1,0,0,0,0,0,0,0,0,0,0
0,0,742342,2,0,0,0,0,0,0,0,0,0,0,0,0,0,0,0,0,0,0
80,6,177905,5,6,346,196,0,0,1,1,0,0,0,1,1,0,0,0,0,0,0
80,6,45730,4,5,1590,196,0,0,1,1,0,0,0,1,1,0,0,0,0,0,0
80,6,1016,2,0,0,0,0,0,0,0,1,0,0,0,0,0,0,0,0,0,0
80,6,50083,3,6,346,196,0,0,1,1,0,0,0,1,2,0,0,0,0,0,0
80,6,86216,2,0,0,0,0,0,0,0,1,0,0,0,0,0,0,0,0,0,0
123,17,19489,1,1,48,48,0,0,0,0,0,0,0,0,1,0,0,0,0,0,0
0,0,112638906,3,0,0,0,0,0,0,0,0,0,0,0,0,0,0,56300000,80.61,56300000,56300000
3389,6,119646317,175,164,36971,10855,0,0,0,1,0,0,0,0,0,3002106,3002106,6001330,0,6001330,6001330
80,6,108809900,18,19,5786,11704,0,0,1,1,0,0,0,1,1,0,0,0,0,0,0
3389,17,110714892,272,335,60055,299457,0,0,0,0,0,0,0,0,1,3983935,124649,13100000,3494331.96,14900000,5103396
0,0,112638918,3,0,0,0,0,0,0,0,0,0,0,0,0,0,0,56300000,52.33,56300000,56300000
3389,6,119098260,119,117,51,5967,0,1,0,0,1,0,0,0,0,0,0,0,0,0,0
3389,17,119955271,9,10,344,542,0,0,0,0,0,0,0,0,1,203726,128077,14800000,103668.51,14900000,14700000
3389,6,119996536,116,115,51,5865,0,1,0,0,1,0,0,0,0,0,0,0,0,0,0
0,0,112638834,3,0,0,0,0,0,0,0,0,0,0,0,0,0,0,56300000,50.91,56300000,56300000
3389,17,119996510,9,10,344,574,0,0,0,0,0,0,0,0,1,243568,130501,14800000,104451.03,14900000,14700000
443,6,83707,2,1,72,124,0,1,0,0,1,0,0,0,0,0,0,0,0,0,0
8080,6,15487,3,4,326,129,0,0,1,1,0,0,0,1,1,0,0,0,0,0,0
8080,6,522,2,0,0,0,0,0,0,0,1,0,0,0,0,0,0,0,0,0,0
8080,6,10844,3,4,326,129,0,0,1,1,0,0,0,1,1,0,0,0,0,0,0
8080,6,595,2,0,0,0,0,0,0,0,1,0,0,0,0,0,0,0,0,0,0
8080,6,10987,3,4,326,129,0,0,1,1,0,0,0,1,1,0,0,0,0,0,0
8080,6,493,2,0,0,0,0,0,0,0,1,0,0,0,0,0,0,0,0,0,0
8080,6,11043,3,4,326,129,0,0,1,1,0,0,0,1,1,0,0,0,0,0,0
8080,6,533,2,0,0,0,0,0,0,0,1,0,0,0,0,0,0,0,0,0,0
8080,6,10333,3,4,326,129,0,0,1,1,0,0,0,1,1,0,0,0,0,0,0
8080,6,561,2,0,0,0,0,0,0,0,1,0,0,0,0,0,0,0,0,0,0
8080,6,10632,3,4,326,129,0,0,1,1,0,0,0,1,1,0,0,0,0,0,0
8080,6,483,2,0,0,0,0,0,0,0,1,0,0,0,0,0,0,0,0,0,0
8080,6,10488,3,4,326,129,0,0,1,1,0,0,0,1,1,0,0,0,0,0,0
8080,6,626,2,0,0,0,0,0,0,0,1,0,0,0,0,0,0,0,0,0,0
8080,6,10433,3,4,326,129,0,0,1,1,0,0,0,1,1,0,0,0,0,0,0
8080,6,475,2,0,0,0,0,0,0,0,1,0,0,0,0,0,0,0,0,0,0
8080,6,10877,3,4,326,129,0,0,1,1,0,0,0,1,1,0,0,0,0,0,0
8080,6,480,2,0,0,0,0,0,0,0,1,0,0,0,0,0,0,0,0,0,0
80,6,11769,1,1,0,0,0,0,0,0,1,1,0,0,1,0,0,0,0,0,0
52022,6,1,2,0,0,0,0,0,0,0,1,0,0,0,0,0,0,0,0,0,0
80,6,31803,1,1,0,0,0,0,0,0,1,1,0,0,1,0,0,0,0,0,0
80,6,34461,1,1,0,0,0,0,0,0,1,1,0,0,1,0,0,0,0,0,0
80,6,47758,1,1,0,0,0,0,0,0,1,1,0,0,1,0,0,0,0,0,0
443,6,61972000,28,37,2568,12326,0,0,0,1,0,0,0,0,1,3602714,3602714,58200000,0,58200000,58200000
443,6,62109862,49,126,2516,131099,0,0,0,1,0,0,0,0,2,3690429,3690429,58300000,0,58300000,58300000
443,6,64216438,13,13,1011,4362,0,0,0,1,0,0,0,0,1,5294339,5294339,58900000,0,58900000,58900000
443,6,64309797,33,54,3620,20154,0,0,0,1,0,0,0,0,1,5790591,5790591,58400000,0,58400000,58400000
80,6,5438522,4,4,97,231,0,0,0,1,0,0,0,0,1,0,0,0,0,0,0
443,6,70168381,57,145,1277,200557,0,0,0,1,0,0,0,0,2,446060,107711,34800000,35000000,59500000,10000000
80,6,969,3,4,148,243,0,0,0,1,0,0,0,0,1,0,0,0,0,0,0
80,6,87,2,0,0,0,0,0,0,0,1,0,0,0,0,0,0,0,0,0,0
80,6,784,3,4,161,488,0,0,0,1,0,0,0,0,1,0,0,0,0,0,0
80,6,108,2,0,0,0,0,0,0,0,1,0,0,0,0,0,0,0,0,0,0
0,0,114581719,5,0,0,0,0,0,0,0,0,0,0,0,0,0,0,28600000,2730102.1,30000000,24600000
53,17,1201,1,1,37,53,0,0,0,0,0,0,0,0,1,0,0,0,0,0,0
443,6,115219785,19,18,359,3503,0,0,0,1,0,0,0,0,0,128597,31949,10000000,466.27,10000000,10000000
52032,6,142,3,1,31,0,0,0,0,0,1,0,0,0,0,0,0,0,0,0,0
53,17,324,1,1,51,67,0,0,0,0,0,0,0,0,1,0,0,0,0,0,0
443,6,117303332,22,33,895,34517,0,0,0,1,0,0,0,0,1,131034,77785,58500000,605847.68,58900000,58100000
443,6,364,3,0,77,0,0,1,0,0,1,0,0,0,0,0,0,0,0,0,0
8080,6,492,2,0,0,0,0,0,0,0,1,0,0,0,0,0,0,0,0,0,0
8080,6,21055,3,4,285,129,0,0,1,1,0,0,0,1,1,0,0,0,0,0,0
8080,6,388,2,0,0,0,0,0,0,0,1,0,0,0,0,0,0,0,0,0,0
8080,6,54015,3,4,326,129,0,0,1,1,0,0,0,1,1,0,0,0,0,0,0
8080,6,586,2,0,0,0,0,0,0,0,1,0,0,0,0,0,0,0,0,0,0
8080,6,32223,3,4,365,129,0,0,1,1,0,0,0,1,1,0,0,0,0,0,0
8080,6,498,2,0,0,0,0,0,0,0,1,0,0,0,0,0,0,0,0,0,0
0,0,91157891,38,0,0,0,0,0,0,0,0,0,0,0,0,13951,7586,30400000,40564.62,30400000,30300000
8080,6,36246,3,15,1406,129,0,0,1,1,0,0,0,1,5,0,0,0,0,0,0
8080,6,452,2,0,0,0,0,0,0,0,1,0,0,0,0,0,0,0,0,0,0
8080,6,12350,3,4,326,129,0,0,1,1,0,0,0,1,1,0,0,0,0,0,0
8080,6,495,2,0,0,0,0,0,0,0,1,0,0,0,0,0,0,0,0,0,0
8080,6,11365,3,4,326,129,0,0,1,1,0,0,0,1,1,0,0,0,0,0,0
